timestamp,pv_ertrag,wp_strombezug,netzbezug,waermeabgabe_wp,strombezug_lueftung,elektrospeicher,strombezug_emobilitaet
2022-01-01 00:00:00,3830,1383,-1383,1931,428,11550,1868
2022-01-01 00:15:00,3386,509,-509,2341,327,14277,2445
2022-01-01 00:30:00,4056,809,-809,1748,468,10674,2730
2022-01-01 00:45:00,2249,1092,1553,2725,379,12463,2783
2022-01-01 01:00:00,3743,1312,-1312,2832,286,10340,1649
2022-01-01 01:15:00,2660,796,1980,1602,237,15294,1133
2022-01-01 01:30:00,4110,1359,-1359,2202,256,14650,1252
2022-01-01 01:45:00,3830,1219,-1219,2380,420,17151,2833
2022-01-01 02:00:00,2118,1288,1075,2598,408,11276,1928
2022-01-01 02:15:00,2157,532,-532,2983,271,11008,1247
2022-01-01 02:30:00,4873,1166,-1166,1848,364,12455,2847
2022-01-01 02:45:00,2109,1147,1920,1745,331,19606,2381
2022-01-01 03:00:00,4794,1129,-1129,2393,436,11936,2005
2022-01-01 03:15:00,2615,793,-793,1294,271,12929,1661
2022-01-01 03:30:00,2952,1138,-1138,1198,215,16407,1407
2022-01-01 03:45:00,2333,813,-813,1957,485,12592,2405
2022-01-01 04:00:00,2133,1318,1668,1829,379,12870,2532
2022-01-01 04:15:00,2476,840,-840,1984,339,19715,2454
2022-01-01 04:30:00,2342,759,1705,1490,453,16773,2586
2022-01-01 04:45:00,3422,541,-541,2904,491,18749,2531
2022-01-01 05:00:00,4153,713,-713,1717,463,18253,1576
2022-01-01 05:15:00,2547,979,-979,2823,248,19073,1693
2022-01-01 05:30:00,2761,943,-943,2951,323,19010,2048
2022-01-01 05:45:00,2730,865,-865,2634,331,19740,1790
2022-01-01 06:00:00,3785,1014,-1014,1457,209,13825,2983
2022-01-01 06:15:00,2062,1405,1361,1094,205,19784,1421
2022-01-01 06:30:00,2501,760,-760,1229,350,15778,2980
2022-01-01 06:45:00,2656,1154,-1154,1181,208,12030,2824
2022-01-01 07:00:00,4648,1175,-1175,1828,259,14175,1948
2022-01-01 07:15:00,2204,894,-894,1291,256,13610,2205
2022-01-01 07:30:00,3818,1467,-1467,2091,265,16327,1048
2022-01-01 07:45:00,3302,1298,-1298,2531,479,10903,2530
2022-01-01 08:00:00,3013,598,-598,2642,280,16095,1885
2022-01-01 08:15:00,2905,611,-611,1091,418,13784,2803
2022-01-01 08:30:00,2734,756,1991,1313,305,15745,2574
2022-01-01 08:45:00,4407,1047,-1047,1300,269,11798,1952
2022-01-01 09:00:00,4190,755,-755,1823,372,19173,2471
2022-01-01 09:15:00,3794,1115,-1115,1628,383,14535,1783
2022-01-01 09:30:00,4385,1444,-1444,1384,429,12254,1786
2022-01-01 09:45:00,3205,1261,-1261,1139,227,16362,1273
2022-01-01 10:00:00,2433,1387,1129,2926,270,12710,1437
2022-01-01 10:15:00,3575,942,-942,1200,470,17504,2493
2022-01-01 10:30:00,4543,1017,-1017,1604,309,13418,1954
2022-01-01 10:45:00,4414,1080,-1080,1887,459,19531,1933
2022-01-01 11:00:00,3945,831,-831,1453,290,17919,1313
2022-01-01 11:15:00,3561,1304,-1304,2176,290,19517,2783
2022-01-01 11:30:00,3586,994,-994,2834,285,12771,1277
2022-01-01 11:45:00,3198,1148,-1148,2373,447,17560,2976
2022-01-01 12:00:00,2572,1289,1519,2696,292,17925,1298
2022-01-01 12:15:00,4727,1445,-1445,1467,415,12356,2620
2022-01-01 12:30:00,3393,874,-874,2599,409,16901,2983
2022-01-01 12:45:00,2736,599,-599,1496,347,17395,1730
2022-01-01 13:00:00,3477,1242,-1242,1825,379,13885,2681
2022-01-01 13:15:00,4371,1334,-1334,2189,457,14895,1943
2022-01-01 13:30:00,3600,1441,-1441,1571,298,10154,2388
2022-01-01 13:45:00,4969,1427,-1427,2000,427,10291,2423
2022-01-01 14:00:00,3046,1305,1937,2523,494,16613,2221
2022-01-01 14:15:00,3540,1254,-1254,1497,322,10223,2215
2022-01-01 14:30:00,2162,635,-635,1330,206,12624,2755
2022-01-01 14:45:00,2057,609,-609,1859,483,10931,2465
2022-01-01 15:00:00,3766,742,-742,2919,370,17841,1402
2022-01-01 15:15:00,4139,1030,-1030,2828,424,11001,2011
2022-01-01 15:30:00,4845,828,-828,2862,333,13096,1851
2022-01-01 15:45:00,3764,1329,-1329,2378,341,10700,1606
2022-01-01 16:00:00,2154,730,-730,2072,421,18655,1946
2022-01-01 16:15:00,2933,1394,-1394,1698,408,15632,2119
2022-01-01 16:30:00,3283,669,-669,2171,255,11553,2740
2022-01-01 16:45:00,4302,1409,-1409,1620,380,10885,1963
2022-01-01 17:00:00,3542,1179,-1179,2754,312,15145,1461
2022-01-01 17:15:00,3056,953,-953,1516,282,19335,1468
2022-01-01 17:30:00,4677,779,-779,1647,246,16368,1508
2022-01-01 17:45:00,3453,1000,-1000,1169,397,13758,2219
2022-01-01 18:00:00,4612,850,-850,2287,459,19360,2249
2022-01-01 18:15:00,2078,941,-941,1899,234,16456,1613
2022-01-01 18:30:00,4758,842,-842,2820,470,12514,1875
2022-01-01 18:45:00,3880,1069,-1069,1248,449,17166,2402
2022-01-01 19:00:00,2342,878,-878,1271,357,14252,2073
2022-01-01 19:15:00,2027,774,1548,1812,324,12868,1451
2022-01-01 19:30:00,2444,1073,1615,2412,483,15947,2992
2022-01-01 19:45:00,2499,535,-535,1031,262,15482,2531
2022-01-01 20:00:00,2436,1368,1439,1178,372,13542,1738
2022-01-01 20:15:00,3411,946,-946,1606,444,15542,2942
2022-01-01 20:30:00,3313,894,-894,2065,247,15697,2917
2022-01-01 20:45:00,2966,736,-736,1965,286,19236,1496
2022-01-01 21:00:00,2545,1244,1433,2667,372,13952,2661
2022-01-01 21:15:00,3800,1470,-1470,2644,381,13047,1600
2022-01-01 21:30:00,3836,868,-868,1493,378,15405,1666
2022-01-01 21:45:00,4729,1382,-1382,2066,305,14022,2151
2022-01-01 22:00:00,2454,1242,-1242,2178,303,16921,1016
2022-01-01 22:15:00,2844,562,-562,2007,484,11202,2403
2022-01-01 22:30:00,2130,1113,1796,2288,240,19380,1914
2022-01-01 22:45:00,4645,698,-698,1247,490,18165,2492
2022-01-01 23:00:00,4177,1093,-1093,2069,434,11705,1867
2022-01-01 23:15:00,4408,1287,-1287,1144,464,13357,1708
2022-01-01 23:30:00,2357,729,1994,2957,475,11509,1630
2022-01-01 23:45:00,3173,1334,-1334,2746,383,19444,1676
2022-01-02 00:00:00,3355,1276,-1276,2365,305,17766,2634
2022-01-02 00:15:00,3119,1367,-1367,1878,393,14270,2110
2022-01-02 00:30:00,4645,1089,-1089,1578,476,13070,2972
2022-01-02 00:45:00,3332,1269,-1269,1815,248,10332,1148
2022-01-02 01:00:00,2858,710,-710,1050,476,14032,1412
2022-01-02 01:15:00,3538,1021,-1021,2348,212,13261,1482
2022-01-02 01:30:00,4353,1366,-1366,1690,286,11511,2802
2022-01-02 01:45:00,2216,900,1760,1473,288,19499,1357
2022-01-02 02:00:00,4915,1385,-1385,2213,403,12088,1857
2022-01-02 02:15:00,3958,897,-897,2295,387,16419,2766
2022-01-02 02:30:00,2982,630,-630,1281,265,10164,1480
2022-01-02 02:45:00,2721,1266,-1266,1674,428,19774,1483
2022-01-02 03:00:00,3652,957,-957,2471,365,15063,1343
2022-01-02 03:15:00,4117,607,-607,1485,283,17675,2715
2022-01-02 03:30:00,2861,1312,-1312,1859,293,10959,2736
2022-01-02 03:45:00,3207,1432,-1432,2321,325,18152,1348
2022-01-02 04:00:00,2565,1208,1408,1697,259,16374,2051
2022-01-02 04:15:00,2659,1151,1671,2693,434,15928,2192
2022-01-02 04:30:00,3023,770,-770,1096,451,13442,1505
2022-01-02 04:45:00,4605,1447,-1447,2336,208,16629,2096
2022-01-02 05:00:00,2175,1322,1253,2165,296,11094,2236
2022-01-02 05:15:00,2064,1191,1486,2841,202,18539,1884
2022-01-02 05:30:00,2661,1370,1682,1020,307,10244,2979
2022-01-02 05:45:00,2837,530,-530,2523,488,10577,1043
2022-01-02 06:00:00,2310,1003,-1003,1449,469,16317,2362
2022-01-02 06:15:00,2536,1500,1045,2834,311,19003,2006
2022-01-02 06:30:00,2825,513,-513,1190,312,12877,2846
2022-01-02 06:45:00,2478,1408,1948,2546,214,16253,1369
2022-01-02 07:00:00,4682,742,-742,1528,281,16505,2660
2022-01-02 07:15:00,3316,520,-520,2900,366,19754,2822
2022-01-02 07:30:00,3357,1046,-1046,1215,374,12571,1090
2022-01-02 07:45:00,3325,1159,-1159,2527,478,12395,2431
2022-01-02 08:00:00,2162,1212,1930,2589,342,11122,2792
2022-01-02 08:15:00,3253,1230,-1230,2566,442,17601,2164
2022-01-02 08:30:00,3709,1118,-1118,1515,263,19421,2928
2022-01-02 08:45:00,2465,1229,1572,1027,411,14144,2169
2022-01-02 09:00:00,3283,501,-501,1336,400,19822,1820
2022-01-02 09:15:00,4242,530,-530,2697,355,12202,1030
2022-01-02 09:30:00,3593,775,-775,1763,452,15952,2563
2022-01-02 09:45:00,3461,1117,-1117,1327,264,18262,2767
2022-01-02 10:00:00,2041,1029,1272,1354,274,16920,2306
2022-01-02 10:15:00,3146,1067,-1067,1129,347,18060,2335
2022-01-02 10:30:00,3712,788,-788,2682,242,12730,1813
2022-01-02 10:45:00,4346,686,-686,2138,465,12111,2435
2022-01-02 11:00:00,2103,1029,1557,2939,376,12154,1401
2022-01-02 11:15:00,2725,610,-610,1769,386,12579,1939
2022-01-02 11:30:00,3327,606,-606,1785,387,13648,2429
2022-01-02 11:45:00,3070,955,-955,1032,386,11083,1816
2022-01-02 12:00:00,2218,1017,1503,1629,439,19819,1677
2022-01-02 12:15:00,2784,973,-973,2911,218,10203,1477
2022-01-02 12:30:00,4169,512,-512,2512,349,10905,1040
2022-01-02 12:45:00,2559,1335,1586,1511,306,17974,2074
2022-01-02 13:00:00,4001,1144,-1144,1468,500,16709,1702
2022-01-02 13:15:00,4692,1107,-1107,2069,205,12687,1481
2022-01-02 13:30:00,4776,1364,-1364,2320,340,18766,2188
2022-01-02 13:45:00,3789,587,-587,2016,320,19315,1011
2022-01-02 14:00:00,2358,851,-851,2902,493,15887,2451
2022-01-02 14:15:00,3436,859,-859,2760,472,16063,1033
2022-01-02 14:30:00,3443,1095,-1095,1002,236,16977,2245
2022-01-02 14:45:00,2495,1114,1948,2090,202,12956,1506
2022-01-02 15:00:00,2433,1182,1958,1943,368,17276,2466
2022-01-02 15:15:00,2319,1124,1758,2622,400,10610,2223
2022-01-02 15:30:00,2616,537,-537,1520,449,19721,1191
2022-01-02 15:45:00,4110,1028,-1028,1981,439,15157,1797
2022-01-02 16:00:00,3035,830,-830,2861,464,11509,1782
2022-01-02 16:15:00,4289,1155,-1155,2860,498,11938,2464
2022-01-02 16:30:00,4482,670,-670,2212,248,17796,2332
2022-01-02 16:45:00,4323,995,-995,2203,283,16799,2614
2022-01-02 17:00:00,4443,802,-802,1252,374,15312,2252
2022-01-02 17:15:00,2150,1373,1592,2678,456,18533,1708
2022-01-02 17:30:00,4731,982,-982,1574,469,14509,1906
2022-01-02 17:45:00,4658,1255,-1255,2943,304,16258,2842
2022-01-02 18:00:00,3209,777,-777,2296,424,19849,1122
2022-01-02 18:15:00,4737,1110,-1110,2074,311,19056,1765
2022-01-02 18:30:00,3102,1311,-1311,2499,431,11736,1771
2022-01-02 18:45:00,3122,1412,-1412,2039,345,17801,2941
2022-01-02 19:00:00,3225,548,-548,2593,357,14847,2957
2022-01-02 19:15:00,4381,1300,-1300,1391,416,10009,1425
2022-01-02 19:30:00,2040,1031,1138,1798,489,10560,2256
2022-01-02 19:45:00,3346,1499,-1499,1987,313,16898,1374
2022-01-02 20:00:00,3566,585,-585,2051,329,12422,1100
2022-01-02 20:15:00,3523,587,-587,2353,496,11308,1944
2022-01-02 20:30:00,2828,1493,1747,2238,329,17904,1945
2022-01-02 20:45:00,4087,1192,-1192,2588,233,16920,2023
2022-01-02 21:00:00,4746,1030,-1030,1502,255,15308,1637
2022-01-02 21:15:00,4322,540,-540,1804,311,13114,2635
2022-01-02 21:30:00,3134,728,-728,1096,280,16794,1051
2022-01-02 21:45:00,3169,1289,1910,1045,430,12017,1415
2022-01-02 22:00:00,2117,1287,1857,1387,274,17110,2135
2022-01-02 22:15:00,4763,690,-690,1119,375,18929,1113
2022-01-02 22:30:00,4339,1351,-1351,2038,223,16851,1780
2022-01-02 22:45:00,3638,1282,-1282,1990,419,16466,2709
2022-01-02 23:00:00,2617,1471,1351,2759,389,16257,2205
2022-01-02 23:15:00,4033,862,-862,1819,389,13339,2469
2022-01-02 23:30:00,3059,535,-535,1771,260,11299,1290
2022-01-02 23:45:00,2577,939,-939,2308,231,15630,1751
2022-01-03 00:00:00,3241,1081,-1081,1179,350,10267,2063
2022-01-03 00:15:00,2112,1206,1607,1484,293,18435,1466
2022-01-03 00:30:00,4681,748,-748,1759,341,19610,1782
2022-01-03 00:45:00,3515,896,-896,2438,310,13316,1661
2022-01-03 01:00:00,4746,1439,-1439,1542,419,10949,2785
2022-01-03 01:15:00,4268,1154,-1154,2760,269,15184,2915
2022-01-03 01:30:00,2852,1320,-1320,2510,395,11792,1322
2022-01-03 01:45:00,3391,1099,-1099,1304,212,16116,1550
2022-01-03 02:00:00,4086,569,-569,1250,479,10139,1602
2022-01-03 02:15:00,2842,1490,-1490,2186,450,16464,2797
2022-01-03 02:30:00,3630,864,-864,1524,395,12408,2624
2022-01-03 02:45:00,4588,1396,-1396,1684,449,14149,1253
2022-01-03 03:00:00,4842,530,-530,1654,295,15405,2859
2022-01-03 03:15:00,3769,1225,-1225,1100,479,19319,2297
2022-01-03 03:30:00,3775,1429,-1429,2655,496,19658,2897
2022-01-03 03:45:00,4661,687,-687,1678,376,15257,2357
2022-01-03 04:00:00,2943,764,-764,2780,403,17044,1103
2022-01-03 04:15:00,4469,561,-561,1090,340,14125,2669
2022-01-03 04:30:00,2561,656,-656,1113,219,13597,1998
2022-01-03 04:45:00,3674,1142,-1142,1438,258,18163,1103
2022-01-03 05:00:00,4775,1317,-1317,1114,318,12428,1527
2022-01-03 05:15:00,2785,1419,1692,2192,308,15421,2599
2022-01-03 05:30:00,4097,1207,-1207,2481,345,16714,1342
2022-01-03 05:45:00,3995,866,-866,1194,401,12822,1274
2022-01-03 06:00:00,3731,1473,-1473,2284,417,10023,2165
2022-01-03 06:15:00,4578,1139,-1139,1458,354,13341,2486
2022-01-03 06:30:00,4247,879,-879,1699,255,11390,2481
2022-01-03 06:45:00,4729,817,-817,1509,236,14100,1616
2022-01-03 07:00:00,3783,786,-786,1031,227,16330,1291
2022-01-03 07:15:00,2019,852,1306,1662,268,11805,2996
2022-01-03 07:30:00,3700,1320,-1320,2633,309,13391,2342
2022-01-03 07:45:00,2527,1217,1358,2330,389,17452,1981
2022-01-03 08:00:00,2125,1309,1979,1074,465,14751,1155
2022-01-03 08:15:00,4869,1311,-1311,1701,394,15883,1957
2022-01-03 08:30:00,4176,690,-690,2852,344,12664,1754
2022-01-03 08:45:00,4505,1006,-1006,1476,290,10060,2713
2022-01-03 09:00:00,4512,1451,-1451,3000,374,15245,1028
2022-01-03 09:15:00,3720,749,-749,2688,266,12673,1321
2022-01-03 09:30:00,4821,1203,-1203,2255,275,16027,1712
2022-01-03 09:45:00,2686,809,-809,1233,379,14079,2785
2022-01-03 10:00:00,3691,924,-924,2192,457,12813,1204
2022-01-03 10:15:00,2467,1423,-1423,2541,432,19632,2742
2022-01-03 10:30:00,3740,813,-813,1528,492,15747,2996
2022-01-03 10:45:00,2131,1398,1603,1245,273,12023,2754
2022-01-03 11:00:00,2619,786,-786,2522,485,13183,1264
2022-01-03 11:15:00,2252,1085,1273,2015,230,16644,2704
2022-01-03 11:30:00,2893,855,-855,2231,364,17444,1130
2022-01-03 11:45:00,2187,1286,1372,2972,453,17573,1421
2022-01-03 12:00:00,3913,784,-784,1337,468,17818,2068
2022-01-03 12:15:00,4748,950,-950,2149,498,19474,2807
2022-01-03 12:30:00,3223,1394,-1394,1405,294,12625,2239
2022-01-03 12:45:00,4690,787,-787,2847,443,14012,1066
2022-01-03 13:00:00,4734,670,-670,1445,280,18327,2001
2022-01-03 13:15:00,3858,673,-673,1210,242,15808,2211
2022-01-03 13:30:00,4323,783,-783,1269,401,17424,2118
2022-01-03 13:45:00,4501,1234,-1234,2624,396,12220,2361
2022-01-03 14:00:00,4803,1042,-1042,1054,469,11292,2743
2022-01-03 14:15:00,3465,597,-597,2768,371,11658,1621
2022-01-03 14:30:00,4064,1201,-1201,1385,497,11836,1590
2022-01-03 14:45:00,4607,857,-857,2405,311,16679,2481
2022-01-03 15:00:00,4317,569,-569,1305,274,10640,2488
2022-01-03 15:15:00,4052,1289,-1289,2793,335,16993,1081
2022-01-03 15:30:00,3463,954,-954,2307,413,19414,1976
2022-01-03 15:45:00,3510,860,-860,1305,498,14470,1067
2022-01-03 16:00:00,3443,997,-997,1186,413,14175,2534
2022-01-03 16:15:00,3517,633,-633,2256,263,13269,1546
2022-01-03 16:30:00,3682,898,-898,1893,500,13560,1815
2022-01-03 16:45:00,3222,1275,-1275,2323,408,10640,1644
2022-01-03 17:00:00,4612,1370,-1370,1871,464,17083,2300
2022-01-03 17:15:00,3901,863,-863,1475,334,15685,1383
2022-01-03 17:30:00,2765,1162,-1162,2323,240,10270,2167
2022-01-03 17:45:00,4565,682,-682,2494,486,12151,1896
2022-01-03 18:00:00,4587,1175,-1175,1700,396,12991,1191
2022-01-03 18:15:00,2512,779,-779,1251,308,17392,1320
2022-01-03 18:30:00,3361,538,-538,2131,451,17471,1907
2022-01-03 18:45:00,3721,1290,-1290,2155,459,12742,2001
2022-01-03 19:00:00,2880,1391,1994,1634,322,15321,1739
2022-01-03 19:15:00,2835,1234,1961,2544,432,11986,2353
2022-01-03 19:30:00,2591,1090,1613,1169,276,17847,1954
2022-01-03 19:45:00,3593,626,-626,2382,374,15947,1312
2022-01-03 20:00:00,4051,617,-617,2774,383,16103,1547
2022-01-03 20:15:00,2268,621,-621,2515,274,19673,1736
2022-01-03 20:30:00,3688,530,-530,1132,442,16630,2801
2022-01-03 20:45:00,4662,831,-831,2095,378,16451,1037
2022-01-03 21:00:00,4613,1077,-1077,2907,235,14043,1870
2022-01-03 21:15:00,3805,827,-827,1792,242,15695,2579
2022-01-03 21:30:00,4134,1256,-1256,1495,306,10493,1898
2022-01-03 21:45:00,3296,506,-506,1893,349,17982,1557
2022-01-03 22:00:00,4195,768,-768,1901,340,10417,1316
2022-01-03 22:15:00,4634,920,-920,1574,291,17096,2654
2022-01-03 22:30:00,3298,1480,-1480,2375,228,15509,2234
2022-01-03 22:45:00,3881,1457,-1457,1915,222,17995,2296
2022-01-03 23:00:00,4641,639,-639,2651,321,11615,1805
2022-01-03 23:15:00,4757,1403,-1403,2135,210,16231,1385
2022-01-03 23:30:00,3702,937,-937,1896,211,10516,1924
2022-01-03 23:45:00,4269,1112,-1112,2796,375,17467,2210
2022-01-04 00:00:00,3967,1434,-1434,1666,499,10532,1291
2022-01-04 00:15:00,2404,1384,1846,1320,334,17726,2013
2022-01-04 00:30:00,2430,674,-674,2713,314,14860,1098
2022-01-04 00:45:00,3186,787,-787,2689,394,16374,2482
2022-01-04 01:00:00,3317,800,-800,2983,220,11368,1673
2022-01-04 01:15:00,4946,1432,-1432,2386,358,13120,2271
2022-01-04 01:30:00,3125,1480,-1480,1020,263,15870,1655
2022-01-04 01:45:00,4359,653,-653,1934,348,19408,1864
2022-01-04 02:00:00,2691,776,1976,1313,415,14525,1154
2022-01-04 02:15:00,2140,1031,1131,2341,314,18647,2474
2022-01-04 02:30:00,3012,804,-804,1711,374,15692,1470
2022-01-04 02:45:00,3471,1082,-1082,2013,336,15108,2049
2022-01-04 03:00:00,3731,1376,-1376,1089,264,10748,2128
2022-01-04 03:15:00,2095,1199,1708,1976,202,10935,2451
2022-01-04 03:30:00,4561,645,-645,2289,351,11317,1694
2022-01-04 03:45:00,3502,984,-984,2781,473,12950,2537
2022-01-04 04:00:00,4572,1120,-1120,2818,438,16963,1995
2022-01-04 04:15:00,3867,1041,-1041,2026,331,10170,1773
2022-01-04 04:30:00,2674,1428,1520,2985,396,17294,1277
2022-01-04 04:45:00,2620,1308,1705,2889,321,13227,1238
2022-01-04 05:00:00,3754,764,-764,1841,353,19308,2755
2022-01-04 05:15:00,3850,1279,-1279,2525,464,10277,2810
2022-01-04 05:30:00,4160,994,-994,1573,312,12181,2669
2022-01-04 05:45:00,2002,553,1775,1850,308,12218,1543
2022-01-04 06:00:00,3066,624,-624,1981,234,14795,2507
2022-01-04 06:15:00,3075,853,-853,1334,290,19580,1156
2022-01-04 06:30:00,2092,534,1841,2123,398,14480,2858
2022-01-04 06:45:00,3991,1052,-1052,1420,446,13139,2840
2022-01-04 07:00:00,4753,1153,-1153,2314,465,10409,2097
2022-01-04 07:15:00,3820,809,-809,2761,303,11732,1284
2022-01-04 07:30:00,4556,931,-931,2242,284,18180,1590
2022-01-04 07:45:00,2316,1316,1830,1655,473,16442,1012
2022-01-04 08:00:00,2174,556,1729,1385,465,16853,2705
2022-01-04 08:15:00,2855,735,-735,2711,307,15164,2838
2022-01-04 08:30:00,4716,1370,-1370,1801,303,15635,2814
2022-01-04 08:45:00,3861,891,-891,1376,286,16941,1393
2022-01-04 09:00:00,4655,1376,-1376,1953,319,10646,2734
2022-01-04 09:15:00,3596,988,-988,2220,420,19562,2857
2022-01-04 09:30:00,4099,1297,-1297,2136,434,12219,2337
2022-01-04 09:45:00,4540,1172,-1172,2093,450,11300,1845
2022-01-04 10:00:00,4222,918,-918,2483,220,13112,2783
2022-01-04 10:15:00,4635,1261,-1261,2258,360,19945,1542
2022-01-04 10:30:00,3196,1279,-1279,1568,392,19814,2445
2022-01-04 10:45:00,4476,716,-716,1757,478,18152,1302
2022-01-04 11:00:00,2455,1003,1946,2591,467,18828,2577
2022-01-04 11:15:00,3131,874,-874,1275,378,10684,1795
2022-01-04 11:30:00,4860,939,-939,2496,314,13354,2254
2022-01-04 11:45:00,3575,717,-717,1268,292,15196,2109
2022-01-04 12:00:00,3148,1190,-1190,1757,477,16581,2842
2022-01-04 12:15:00,2432,666,-666,2364,440,11227,2108
2022-01-04 12:30:00,3176,1365,-1365,2963,414,10333,2747
2022-01-04 12:45:00,4178,502,-502,1062,424,17851,2184
2022-01-04 13:00:00,2650,941,-941,2083,368,13582,1975
2022-01-04 13:15:00,3852,1369,-1369,2389,352,13728,2938
2022-01-04 13:30:00,3030,1316,-1316,1161,413,18649,1033
2022-01-04 13:45:00,2859,1329,1870,1119,336,14706,1231
2022-01-04 14:00:00,2153,1263,1919,2696,469,13242,1238
2022-01-04 14:15:00,4401,1053,-1053,2303,377,14113,1087
2022-01-04 14:30:00,4227,1298,-1298,1097,361,15857,2000
2022-01-04 14:45:00,2396,519,-519,1456,257,14467,1942
2022-01-04 15:00:00,2430,875,-875,2569,247,11078,1770
2022-01-04 15:15:00,3189,1079,-1079,2803,469,11035,1161
2022-01-04 15:30:00,2854,1137,-1137,1126,309,10517,1814
2022-01-04 15:45:00,3894,1200,-1200,1236,410,15318,1021
2022-01-04 16:00:00,3932,1053,-1053,1275,218,11012,1786
2022-01-04 16:15:00,2968,862,-862,1322,272,18003,2750
2022-01-04 16:30:00,2663,1475,-1475,2173,434,17875,2002
2022-01-04 16:45:00,4615,1433,-1433,1516,487,15722,1589
2022-01-04 17:00:00,2902,1118,-1118,1964,443,12403,1882
2022-01-04 17:15:00,4139,1218,-1218,2954,227,12103,1251
2022-01-04 17:30:00,4264,829,-829,1256,376,18610,1023
2022-01-04 17:45:00,4206,1041,-1041,2634,345,12613,1003
2022-01-04 18:00:00,2302,807,1663,1373,351,19570,2431
2022-01-04 18:15:00,2968,743,-743,1706,383,14604,2845
2022-01-04 18:30:00,2867,667,-667,2974,472,12875,1251
2022-01-04 18:45:00,4959,938,-938,2351,363,15348,1976
2022-01-04 19:00:00,3478,1413,-1413,2116,273,15678,1298
2022-01-04 19:15:00,2545,1418,1645,2682,445,10474,1707
2022-01-04 19:30:00,4022,1002,-1002,2135,285,15532,2024
2022-01-04 19:45:00,3069,1421,-1421,2392,231,19485,2032
2022-01-04 20:00:00,2687,1230,-1230,1303,420,14005,1408
2022-01-04 20:15:00,3312,979,-979,1478,219,18018,1838
2022-01-04 20:30:00,3781,1249,-1249,1674,334,16466,1265
2022-01-04 20:45:00,2419,844,-844,1629,499,17055,1086
2022-01-04 21:00:00,4075,683,-683,1917,268,13447,2789
2022-01-04 21:15:00,4200,907,-907,2891,433,14901,2138
2022-01-04 21:30:00,3409,1030,-1030,2764,238,12673,1340
2022-01-04 21:45:00,3477,1278,-1278,2646,428,10556,1620
2022-01-04 22:00:00,3865,658,-658,2824,392,16732,1831
2022-01-04 22:15:00,3438,588,-588,2645,497,16528,2067
2022-01-04 22:30:00,4595,728,-728,1452,320,15461,2679
2022-01-04 22:45:00,2882,644,-644,1081,419,12160,2419
2022-01-04 23:00:00,3870,562,-562,2649,280,19291,2082
2022-01-04 23:15:00,4872,1477,-1477,1991,224,17627,1479
2022-01-04 23:30:00,4188,1253,-1253,2273,349,15583,2367
2022-01-04 23:45:00,4493,1429,-1429,1696,396,13237,2062
2022-01-05 00:00:00,2860,1016,-1016,1271,402,13462,1778
2022-01-05 00:15:00,2681,750,-750,2399,421,15747,1484
2022-01-05 00:30:00,3189,591,-591,2106,320,19404,2131
2022-01-05 00:45:00,4169,1302,-1302,2544,257,11661,2517
2022-01-05 01:00:00,2592,1499,1275,1596,386,16986,2429
2022-01-05 01:15:00,2460,1393,1807,2553,222,18525,1102
2022-01-05 01:30:00,3962,1353,-1353,1751,471,13350,2600
2022-01-05 01:45:00,3860,1399,-1399,2939,201,15646,1321
2022-01-05 02:00:00,3184,808,-808,1083,429,11704,1774
2022-01-05 02:15:00,4466,1088,-1088,2510,482,11964,2232
2022-01-05 02:30:00,2907,1314,-1314,2305,258,11184,1249
2022-01-05 02:45:00,4845,1442,-1442,1127,342,17979,2247
2022-01-05 03:00:00,3248,594,-594,2866,482,14656,2056
2022-01-05 03:15:00,4357,1304,-1304,2158,338,17018,2584
2022-01-05 03:30:00,2178,924,1537,2463,458,16574,1776
2022-01-05 03:45:00,2103,877,1644,1286,427,10931,1497
2022-01-05 04:00:00,3751,604,-604,1835,319,13191,1579
2022-01-05 04:15:00,3379,796,-796,2991,375,17842,2318
2022-01-05 04:30:00,4058,1428,-1428,1903,444,17270,2832
2022-01-05 04:45:00,3109,917,-917,1233,238,16421,1105
2022-01-05 05:00:00,2774,502,-502,1937,224,12142,1968
2022-01-05 05:15:00,2461,583,-583,2160,296,15438,2645
2022-01-05 05:30:00,4895,553,-553,1313,463,18075,2602
2022-01-05 05:45:00,3624,647,-647,2234,364,13819,2852
2022-01-05 06:00:00,4597,1004,-1004,1829,201,13670,2429
2022-01-05 06:15:00,3379,1368,-1368,1328,210,10546,1551
2022-01-05 06:30:00,4888,932,-932,2323,317,11653,1653
2022-01-05 06:45:00,2059,1035,1112,1138,406,17403,2363
2022-01-05 07:00:00,3039,755,-755,2439,264,12582,1876
2022-01-05 07:15:00,4478,557,-557,2026,204,11795,2469
2022-01-05 07:30:00,3872,1154,-1154,1293,394,13204,2380
2022-01-05 07:45:00,2055,631,-631,1483,285,11893,2168
2022-01-05 08:00:00,4231,982,-982,2177,455,15006,1666
2022-01-05 08:15:00,4622,1216,-1216,2552,375,15691,2564
2022-01-05 08:30:00,2241,1226,1638,2785,284,16867,1684
2022-01-05 08:45:00,2666,566,-566,1630,436,17249,2352
2022-01-05 09:00:00,4419,1270,-1270,1205,215,18185,1531
2022-01-05 09:15:00,4310,766,-766,2932,334,16900,2358
2022-01-05 09:30:00,2672,767,-767,2920,316,11759,2723
2022-01-05 09:45:00,4390,1145,-1145,2094,457,12095,2531
2022-01-05 10:00:00,3196,804,-804,2131,433,15554,1018
2022-01-05 10:15:00,3164,1349,-1349,2804,308,10825,2509
2022-01-05 10:30:00,3204,799,-799,1401,481,11521,2678
2022-01-05 10:45:00,2521,1191,1882,1367,336,17928,2078
2022-01-05 11:00:00,2143,1305,1162,1464,398,16064,2132
2022-01-05 11:15:00,4601,872,-872,2144,308,11228,2026
2022-01-05 11:30:00,3749,1076,-1076,1723,233,10994,1262
2022-01-05 11:45:00,2358,500,-500,1650,323,10941,2723
2022-01-05 12:00:00,3879,1201,-1201,1848,229,16676,1056
2022-01-05 12:15:00,4856,935,-935,1618,235,10024,1115
2022-01-05 12:30:00,4598,1082,-1082,1340,226,15245,2461
2022-01-05 12:45:00,2161,568,1741,2637,269,18976,1199
2022-01-05 13:00:00,2224,974,-974,2523,408,13283,1061
2022-01-05 13:15:00,4190,1287,-1287,1259,386,18595,1976
2022-01-05 13:30:00,2802,1002,-1002,1547,236,10040,2117
2022-01-05 13:45:00,4489,742,-742,2378,382,16251,1384
2022-01-05 14:00:00,2622,1391,1760,2355,217,18528,2933
2022-01-05 14:15:00,4659,670,-670,2358,482,16000,1959
2022-01-05 14:30:00,3087,1351,1891,1620,322,12581,2087
2022-01-05 14:45:00,4273,812,-812,2904,204,18827,2553
2022-01-05 15:00:00,2163,885,1833,1435,413,12057,2567
2022-01-05 15:15:00,4576,636,-636,2496,290,12946,2899
2022-01-05 15:30:00,2160,535,-535,2813,272,13906,2909
2022-01-05 15:45:00,2498,661,-661,2194,440,12203,1359
2022-01-05 16:00:00,3138,1326,1834,2416,459,14335,1302
2022-01-05 16:15:00,3138,1268,-1268,1467,382,15506,1124
2022-01-05 16:30:00,2861,1085,-1085,1870,239,17797,2832
2022-01-05 16:45:00,4494,724,-724,2160,214,17239,2889
2022-01-05 17:00:00,3265,528,-528,2824,265,11689,1799
2022-01-05 17:15:00,2637,1053,-1053,1535,201,15292,2879
2022-01-05 17:30:00,3963,665,-665,2388,412,19294,2440
2022-01-05 17:45:00,2443,852,-852,2710,312,18697,1945
2022-01-05 18:00:00,4610,975,-975,1132,229,13226,1435
2022-01-05 18:15:00,3318,917,-917,1799,257,16692,1033
2022-01-05 18:30:00,2882,1317,1671,1163,270,10821,2339
2022-01-05 18:45:00,3048,1171,-1171,1287,462,18610,2942
2022-01-05 19:00:00,3067,1250,-1250,1588,494,14189,1402
2022-01-05 19:15:00,4873,898,-898,1362,361,12164,2894
2022-01-05 19:30:00,2340,1325,1847,1072,293,11151,2757
2022-01-05 19:45:00,3178,1194,-1194,2779,323,10142,2388
2022-01-05 20:00:00,2300,1072,1901,1205,319,17795,2225
2022-01-05 20:15:00,4297,1194,-1194,1451,267,19690,1927
2022-01-05 20:30:00,2927,993,-993,1924,318,19558,2311
2022-01-05 20:45:00,4700,539,-539,2602,455,15149,1955
2022-01-05 21:00:00,3600,502,-502,2521,348,11589,2885
2022-01-05 21:15:00,2638,796,1901,2737,406,10624,2180
2022-01-05 21:30:00,2600,588,-588,2105,409,14677,2723
2022-01-05 21:45:00,4756,786,-786,2433,376,11139,1150
2022-01-05 22:00:00,2349,1305,1589,2838,292,10267,1253
2022-01-05 22:15:00,3667,1087,-1087,2908,309,16332,1837
2022-01-05 22:30:00,4545,818,-818,2347,449,14516,2475
2022-01-05 22:45:00,4696,1099,-1099,2535,325,12063,1292
2022-01-05 23:00:00,2147,880,-880,1388,238,18760,1336
2022-01-05 23:15:00,2147,675,-675,2951,210,19052,2610
2022-01-05 23:30:00,3651,510,-510,2558,287,15839,2936
2022-01-05 23:45:00,3361,1389,-1389,1174,350,10886,1282
2022-01-06 00:00:00,4061,748,-748,1923,455,16305,1247
2022-01-06 00:15:00,3035,661,-661,2566,201,17777,1765
2022-01-06 00:30:00,4571,725,-725,2588,239,18454,1648
2022-01-06 00:45:00,4609,867,-867,2349,281,18024,1966
2022-01-06 01:00:00,2516,1272,1510,1380,308,12702,2053
2022-01-06 01:15:00,2515,603,-603,2270,231,10228,2208
2022-01-06 01:30:00,4765,692,-692,2475,497,15695,1148
2022-01-06 01:45:00,2876,635,-635,2007,418,10443,2558
2022-01-06 02:00:00,2943,825,-825,1145,485,10938,1290
2022-01-06 02:15:00,2748,1097,-1097,1167,477,13602,2688
2022-01-06 02:30:00,2510,887,-887,2238,266,14873,2169
2022-01-06 02:45:00,2700,1206,-1206,1027,404,11765,1939
2022-01-06 03:00:00,2589,1483,1119,2197,358,16725,2253
2022-01-06 03:15:00,2619,989,1847,2303,294,15361,2332
2022-01-06 03:30:00,4959,504,-504,2692,378,16013,2542
2022-01-06 03:45:00,2684,1319,-1319,1655,295,15661,1283
2022-01-06 04:00:00,4484,739,-739,1445,300,19984,2110
2022-01-06 04:15:00,4078,1047,-1047,2844,440,12294,1168
2022-01-06 04:30:00,4724,1241,-1241,1987,458,14893,2650
2022-01-06 04:45:00,4802,1439,-1439,1440,267,16815,1917
2022-01-06 05:00:00,2625,1118,-1118,1199,474,14848,2980
2022-01-06 05:15:00,2931,586,-586,2843,497,13133,2172
2022-01-06 05:30:00,3633,853,-853,1596,266,12571,2859
2022-01-06 05:45:00,2402,1480,1565,1652,371,16517,1522
2022-01-06 06:00:00,4478,532,-532,1490,321,16273,2236
2022-01-06 06:15:00,3842,731,-731,2327,308,19242,1975
2022-01-06 06:30:00,4092,1225,-1225,2713,295,15518,2452
2022-01-06 06:45:00,2211,695,-695,2349,230,15734,1348
2022-01-06 07:00:00,4776,1131,-1131,2023,485,15208,1046
2022-01-06 07:15:00,3841,883,-883,1906,385,12466,2195
2022-01-06 07:30:00,2844,518,-518,2656,230,19711,2070
2022-01-06 07:45:00,3457,887,-887,2037,444,12219,1155
2022-01-06 08:00:00,4762,931,-931,1175,500,15631,2463
2022-01-06 08:15:00,2487,949,1998,1994,225,13136,1975
2022-01-06 08:30:00,4138,841,-841,2091,393,15692,2562
2022-01-06 08:45:00,2285,1061,1805,1001,403,17761,2832
2022-01-06 09:00:00,2578,594,-594,1394,324,16078,2847
2022-01-06 09:15:00,2425,1286,-1286,1543,373,12827,1856
2022-01-06 09:30:00,3766,584,-584,2351,413,16444,2180
2022-01-06 09:45:00,3537,1091,-1091,1973,275,13345,2284
2022-01-06 10:00:00,4505,706,-706,1510,318,14608,2082
2022-01-06 10:15:00,3605,1221,-1221,1463,294,12285,1173
2022-01-06 10:30:00,4366,538,-538,1255,489,14230,2958
2022-01-06 10:45:00,2625,847,-847,2308,485,13664,2377
2022-01-06 11:00:00,4714,585,-585,2742,277,10674,2510
2022-01-06 11:15:00,2493,1285,-1285,1982,295,17857,2063
2022-01-06 11:30:00,4530,812,-812,1332,214,10125,2504
2022-01-06 11:45:00,2625,1247,1445,1805,287,17011,2472
2022-01-06 12:00:00,3003,1141,-1141,2887,475,18733,2948
2022-01-06 12:15:00,2188,1186,1815,2821,228,12153,1627
2022-01-06 12:30:00,4898,936,-936,1883,418,18857,2198
2022-01-06 12:45:00,4324,1399,-1399,2626,200,12201,2959
2022-01-06 13:00:00,2858,1313,-1313,1778,485,12279,1714
2022-01-06 13:15:00,2446,1422,1703,2264,253,17067,1871
2022-01-06 13:30:00,2936,521,-521,2969,405,14957,1299
2022-01-06 13:45:00,2837,1023,-1023,1009,487,19455,2761
2022-01-06 14:00:00,3704,998,-998,2459,275,13727,1722
2022-01-06 14:15:00,4764,1438,-1438,1840,236,17889,2328
2022-01-06 14:30:00,2188,753,1697,1994,493,17635,2708
2022-01-06 14:45:00,4792,1015,-1015,1366,403,13474,1294
2022-01-06 15:00:00,3029,513,-513,1936,363,12650,1382
2022-01-06 15:15:00,3462,1075,-1075,1525,343,12634,2166
2022-01-06 15:30:00,3093,918,-918,1624,390,13095,2619
2022-01-06 15:45:00,4091,641,-641,1318,369,17844,1859
2022-01-06 16:00:00,2988,742,-742,1331,370,11339,2643
2022-01-06 16:15:00,2560,941,1726,1180,202,11961,2877
2022-01-06 16:30:00,3444,615,-615,2714,452,15371,2947
2022-01-06 16:45:00,3093,1103,-1103,2323,379,13788,1817
2022-01-06 17:00:00,2136,501,-501,1288,399,11420,1297
2022-01-06 17:15:00,4872,1100,-1100,2071,200,13149,1881
2022-01-06 17:30:00,3091,1190,-1190,2221,390,15935,2564
2022-01-06 17:45:00,2172,1315,1289,2295,476,14834,2800
2022-01-06 18:00:00,4192,1129,-1129,1604,481,10181,2037
2022-01-06 18:15:00,4683,905,-905,2976,447,10909,1933
2022-01-06 18:30:00,3891,1122,-1122,2071,442,15284,1603
2022-01-06 18:45:00,4120,1341,-1341,2813,205,10630,2450
2022-01-06 19:00:00,2398,1187,1283,1349,213,11846,1087
2022-01-06 19:15:00,3094,1344,1933,2105,325,19740,2245
2022-01-06 19:30:00,4127,1493,-1493,1569,411,18843,1306
2022-01-06 19:45:00,2609,1425,-1425,2377,248,15855,2198
2022-01-06 20:00:00,4462,1404,-1404,1851,454,19343,2925
2022-01-06 20:15:00,4037,1413,-1413,1757,306,13152,2767
2022-01-06 20:30:00,4355,682,-682,2727,470,11127,2473
2022-01-06 20:45:00,2628,1446,1909,1260,211,12452,1001
2022-01-06 21:00:00,4676,791,-791,1604,466,18374,1854
2022-01-06 21:15:00,3574,1221,-1221,2885,302,12082,1270
2022-01-06 21:30:00,3776,533,-533,2380,366,15635,2217
2022-01-06 21:45:00,3248,1498,-1498,1396,401,14857,2089
2022-01-06 22:00:00,2806,1207,1774,1533,426,18593,2062
2022-01-06 22:15:00,2127,1453,1254,1297,276,10319,1543
2022-01-06 22:30:00,4821,520,-520,2475,401,13408,2080
2022-01-06 22:45:00,2899,1043,-1043,2852,229,15084,2103
2022-01-06 23:00:00,2260,1286,1727,1527,235,10909,2748
2022-01-06 23:15:00,4978,733,-733,1328,209,16915,2041
2022-01-06 23:30:00,3581,1290,-1290,2974,225,18834,1997
2022-01-06 23:45:00,4064,1183,-1183,2201,394,16967,1919
2022-01-07 00:00:00,2058,1174,1999,2085,286,10449,1624
2022-01-07 00:15:00,2605,695,1930,2719,336,17453,1930
2022-01-07 00:30:00,3957,1166,-1166,1198,402,17190,2936
2022-01-07 00:45:00,4407,877,-877,2951,309,18047,1291
2022-01-07 01:00:00,2117,754,-754,1641,471,19641,1041
2022-01-07 01:15:00,4685,762,-762,1273,486,11513,2053
2022-01-07 01:30:00,3315,910,-910,2328,303,15614,1247
2022-01-07 01:45:00,2742,1401,1370,1576,213,13196,1652
2022-01-07 02:00:00,2436,1394,1684,1415,309,10962,2289
2022-01-07 02:15:00,2523,716,1827,1134,201,10504,1767
2022-01-07 02:30:00,3437,1420,-1420,1017,424,18249,2181
2022-01-07 02:45:00,4955,925,-925,1642,400,14594,1648
2022-01-07 03:00:00,4273,1459,-1459,1892,254,13077,1374
2022-01-07 03:15:00,3193,679,-679,1388,483,19665,1442
2022-01-07 03:30:00,4105,1108,-1108,2645,420,17344,2533
2022-01-07 03:45:00,2938,1392,1676,1320,426,18002,1530
2022-01-07 04:00:00,4750,964,-964,2927,207,17127,2571
2022-01-07 04:15:00,3432,1468,-1468,2359,340,18353,2448
2022-01-07 04:30:00,4482,1296,-1296,1772,444,14854,1543
2022-01-07 04:45:00,2231,1296,1264,2208,382,10665,2710
2022-01-07 05:00:00,2240,1040,1558,1612,397,16122,1899
2022-01-07 05:15:00,2959,620,-620,2492,212,19258,1363
2022-01-07 05:30:00,3256,1112,-1112,1703,450,10329,1208
2022-01-07 05:45:00,4899,1403,-1403,2441,251,13158,2378
2022-01-07 06:00:00,4156,524,-524,2322,232,14921,1445
2022-01-07 06:15:00,2191,1183,1530,2960,368,11635,1871
2022-01-07 06:30:00,3011,766,-766,1172,306,10566,2081
2022-01-07 06:45:00,2502,1280,-1280,2460,367,13384,1642
2022-01-07 07:00:00,4270,837,-837,1420,249,11964,2813
2022-01-07 07:15:00,2006,783,-783,2608,329,18761,1441
2022-01-07 07:30:00,4785,1312,-1312,1015,209,12055,1168
2022-01-07 07:45:00,3935,1061,-1061,2131,462,13194,1574
2022-01-07 08:00:00,4724,1134,-1134,1630,256,14953,1911
2022-01-07 08:15:00,2059,1270,1606,2237,465,14862,2107
2022-01-07 08:30:00,2162,835,1778,2984,439,19766,1671
2022-01-07 08:45:00,2185,1474,1960,2999,414,10647,1416
2022-01-07 09:00:00,4101,568,-568,2869,273,19311,1829
2022-01-07 09:15:00,2020,972,1104,1632,332,12924,1118
2022-01-07 09:30:00,2568,558,-558,2093,377,11347,1591
2022-01-07 09:45:00,2135,741,1509,2130,360,14739,2378
2022-01-07 10:00:00,2111,1248,1138,2286,496,17146,2453
2022-01-07 10:15:00,4601,1271,-1271,2891,410,18034,1991
2022-01-07 10:30:00,3178,820,-820,2032,362,14008,1939
2022-01-07 10:45:00,4722,984,-984,1289,360,14816,2861
2022-01-07 11:00:00,3956,711,-711,2155,376,17653,2001
2022-01-07 11:15:00,2431,1307,1847,2320,460,17773,2599
2022-01-07 11:30:00,3978,860,-860,2939,422,11072,1877
2022-01-07 11:45:00,3442,1154,-1154,2391,332,14349,1614
2022-01-07 12:00:00,2885,1039,-1039,1563,447,14467,1850
2022-01-07 12:15:00,2567,642,-642,2680,404,13475,2225
2022-01-07 12:30:00,3815,1297,-1297,1799,310,11872,1789
2022-01-07 12:45:00,3561,526,-526,1769,209,17202,1996
2022-01-07 13:00:00,3267,1452,-1452,1893,370,12474,2764
2022-01-07 13:15:00,3827,1186,-1186,1150,384,17085,1912
2022-01-07 13:30:00,4176,1011,-1011,2655,244,13754,2556
2022-01-07 13:45:00,2337,1108,1833,2910,477,10828,1395
2022-01-07 14:00:00,3270,878,-878,1140,488,10684,2849
2022-01-07 14:15:00,4822,1010,-1010,1034,398,19716,1250
2022-01-07 14:30:00,3440,1102,-1102,2149,440,10687,2301
2022-01-07 14:45:00,4267,988,-988,2139,398,10746,1418
2022-01-07 15:00:00,4515,1338,-1338,2128,364,10064,2068
2022-01-07 15:15:00,2403,928,-928,2325,369,10063,1625
2022-01-07 15:30:00,3509,978,-978,1414,361,18579,2229
2022-01-07 15:45:00,3843,1289,-1289,2812,340,14491,2847
2022-01-07 16:00:00,3341,1078,-1078,1768,299,15335,2288
2022-01-07 16:15:00,3975,1134,-1134,2345,280,19585,1802
2022-01-07 16:30:00,2329,1050,-1050,1513,240,18705,2731
2022-01-07 16:45:00,4296,798,-798,1628,209,14432,1558
2022-01-07 17:00:00,4103,1108,-1108,2856,283,18499,1927
2022-01-07 17:15:00,4734,961,-961,2597,347,19304,1347
2022-01-07 17:30:00,3471,1466,-1466,1944,310,15095,1031
2022-01-07 17:45:00,2232,1043,1628,1975,331,12976,1170
2022-01-07 18:00:00,3056,935,-935,1034,492,13333,2885
2022-01-07 18:15:00,4141,922,-922,1637,242,11526,2798
2022-01-07 18:30:00,3472,1265,-1265,1158,263,11025,2864
2022-01-07 18:45:00,2279,755,-755,1851,238,17805,2976
2022-01-07 19:00:00,2927,700,-700,2873,499,19520,1230
2022-01-07 19:15:00,4628,1046,-1046,2527,217,19904,2988
2022-01-07 19:30:00,3355,806,-806,2953,224,12332,1482
2022-01-07 19:45:00,4576,522,-522,2208,377,18029,1117
2022-01-07 20:00:00,2328,1046,1582,2615,450,16174,1949
2022-01-07 20:15:00,3460,1476,-1476,2434,284,14367,1261
2022-01-07 20:30:00,4925,730,-730,1282,214,19327,2049
2022-01-07 20:45:00,3381,653,-653,2837,496,17521,1007
2022-01-07 21:00:00,4829,935,-935,2695,476,19090,2185
2022-01-07 21:15:00,3800,1273,-1273,2545,355,11114,1514
2022-01-07 21:30:00,4113,1109,-1109,2414,290,11390,1296
2022-01-07 21:45:00,2976,1368,-1368,2634,373,13375,1740
2022-01-07 22:00:00,2384,1139,1344,2781,353,18638,1082
2022-01-07 22:15:00,2609,957,-957,2393,315,17295,2251
2022-01-07 22:30:00,4720,1494,-1494,1278,481,15641,2324
2022-01-07 22:45:00,3426,899,-899,1694,290,11867,1342
2022-01-07 23:00:00,4502,506,-506,1174,421,11558,1654
2022-01-07 23:15:00,4705,518,-518,1383,277,17203,1387
2022-01-07 23:30:00,3568,887,-887,1776,461,19255,2324
2022-01-07 23:45:00,2147,696,-696,1324,387,14807,2515
2022-01-08 00:00:00,2355,1482,1263,1300,316,19515,1366
2022-01-08 00:15:00,2269,608,-608,2306,472,16663,2427
2022-01-08 00:30:00,4387,960,-960,2394,374,17025,1840
2022-01-08 00:45:00,2163,1100,1655,2459,302,12325,2281
2022-01-08 01:00:00,4381,932,-932,1292,203,10716,2915
2022-01-08 01:15:00,2770,1296,1941,1023,247,19011,2198
2022-01-08 01:30:00,4050,744,-744,2811,287,13239,2382
2022-01-08 01:45:00,3277,576,-576,2805,474,12457,2451
2022-01-08 02:00:00,4192,833,-833,2093,480,17062,2163
2022-01-08 02:15:00,2593,518,-518,2303,454,18980,1561
2022-01-08 02:30:00,2956,1219,-1219,1423,215,16077,2016
2022-01-08 02:45:00,4074,1192,-1192,2878,300,10628,1533
2022-01-08 03:00:00,3708,1121,-1121,1606,433,19326,2804
2022-01-08 03:15:00,4733,1116,-1116,2760,362,14215,1272
2022-01-08 03:30:00,2046,854,-854,1027,430,10133,2292
2022-01-08 03:45:00,3927,1029,-1029,2108,256,17371,2083
2022-01-08 04:00:00,2785,543,-543,1414,314,19301,1978
2022-01-08 04:15:00,4375,889,-889,1359,227,18587,1871
2022-01-08 04:30:00,4919,1493,-1493,1803,358,15587,1777
2022-01-08 04:45:00,2527,575,-575,2200,368,13104,1915
2022-01-08 05:00:00,3441,1002,-1002,2972,420,13644,1195
2022-01-08 05:15:00,4575,1496,-1496,2047,439,14406,2410
2022-01-08 05:30:00,4850,934,-934,1982,460,11668,2561
2022-01-08 05:45:00,3356,559,-559,2619,395,17284,1434
2022-01-08 06:00:00,2237,882,-882,1264,495,14069,1871
2022-01-08 06:15:00,2346,685,1685,1453,339,11531,1244
2022-01-08 06:30:00,2888,779,-779,2997,461,13223,2572
2022-01-08 06:45:00,2537,628,-628,1322,408,17104,2976
2022-01-08 07:00:00,2506,994,1957,2305,412,13086,1492
2022-01-08 07:15:00,3358,675,-675,1786,474,14852,2003
2022-01-08 07:30:00,2956,1229,1861,1702,347,16393,2309
2022-01-08 07:45:00,2104,1426,1028,1461,236,15245,2623
2022-01-08 08:00:00,3819,1100,-1100,2698,444,13283,1854
2022-01-08 08:15:00,4823,1494,-1494,1599,295,13651,2624
2022-01-08 08:30:00,4954,661,-661,2895,265,11397,1689
2022-01-08 08:45:00,2948,527,-527,2318,460,15210,2918
2022-01-08 09:00:00,3423,583,-583,2840,318,12015,1665
2022-01-08 09:15:00,2223,1446,1841,1045,493,16450,2973
2022-01-08 09:30:00,3744,585,-585,1776,249,16220,1931
2022-01-08 09:45:00,3809,1415,-1415,2719,328,13238,1947
2022-01-08 10:00:00,2322,1405,1919,1536,417,18498,1823
2022-01-08 10:15:00,4919,608,-608,1663,203,16102,2434
2022-01-08 10:30:00,4738,1128,-1128,2447,375,19118,2051
2022-01-08 10:45:00,3942,1467,-1467,2427,327,17318,2314
2022-01-08 11:00:00,4919,571,-571,2480,284,16956,2872
2022-01-08 11:15:00,2135,1082,1345,2937,305,13264,2768
2022-01-08 11:30:00,4190,702,-702,1957,397,14427,1608
2022-01-08 11:45:00,4801,655,-655,1306,226,11327,1013
2022-01-08 12:00:00,3622,1311,-1311,1441,487,17090,1810
2022-01-08 12:15:00,4220,1405,-1405,1591,388,15031,2688
2022-01-08 12:30:00,4609,508,-508,1118,244,13057,2721
2022-01-08 12:45:00,4601,995,-995,2540,483,17748,1602
2022-01-08 13:00:00,2112,1310,1227,2048,407,10959,2977
2022-01-08 13:15:00,2898,1359,-1359,2198,238,16161,1153
2022-01-08 13:30:00,2579,1290,-1290,2793,427,17433,2737
2022-01-08 13:45:00,4539,1242,-1242,1915,208,14944,1302
2022-01-08 14:00:00,2264,1043,1849,1180,390,19445,2391
2022-01-08 14:15:00,3009,858,-858,2798,390,13437,1271
2022-01-08 14:30:00,3083,1392,-1392,2468,348,10361,2902
2022-01-08 14:45:00,3632,1268,-1268,1830,409,18894,2649
2022-01-08 15:00:00,3231,1036,-1036,2926,284,12519,2976
2022-01-08 15:15:00,2472,973,-973,1231,429,17603,2825
2022-01-08 15:30:00,2112,866,-866,1893,426,12182,1401
2022-01-08 15:45:00,2158,1204,1458,2435,301,14967,1254
2022-01-08 16:00:00,3667,1042,-1042,1713,284,10517,2779
2022-01-08 16:15:00,2940,1182,-1182,2678,326,17617,1899
2022-01-08 16:30:00,2297,597,-597,2120,234,12303,1266
2022-01-08 16:45:00,4921,807,-807,2161,412,16045,1328
2022-01-08 17:00:00,4208,1405,-1405,2146,476,12176,1887
2022-01-08 17:15:00,4155,1266,-1266,1105,337,16518,1783
2022-01-08 17:30:00,4955,1100,-1100,2438,275,14540,2877
2022-01-08 17:45:00,2226,507,-507,1588,470,15821,1183
2022-01-08 18:00:00,4313,972,-972,2500,418,19880,2741
2022-01-08 18:15:00,2513,1267,1566,1529,495,14734,1723
2022-01-08 18:30:00,3473,656,-656,1483,267,13294,2643
2022-01-08 18:45:00,2155,774,1903,2369,456,17661,2853
2022-01-08 19:00:00,4036,1388,-1388,1792,261,15493,1373
2022-01-08 19:15:00,2005,1265,1793,2443,299,17960,1363
2022-01-08 19:30:00,2709,1291,1694,1078,401,15818,2185
2022-01-08 19:45:00,3986,969,-969,1566,455,17868,1288
2022-01-08 20:00:00,2627,1230,1596,1553,317,13998,1623
2022-01-08 20:15:00,3545,1150,-1150,1680,381,11774,1617
2022-01-08 20:30:00,2477,913,-913,2988,490,17768,1736
2022-01-08 20:45:00,3158,614,-614,1928,452,19799,1104
2022-01-08 21:00:00,4197,849,-849,1159,308,14221,2980
2022-01-08 21:15:00,4648,1096,-1096,1275,398,17996,2013
2022-01-08 21:30:00,4830,603,-603,2946,339,10033,1153
2022-01-08 21:45:00,3110,722,-722,2869,222,13561,1453
2022-01-08 22:00:00,3510,1288,-1288,1974,223,14843,2487
2022-01-08 22:15:00,2081,590,-590,2195,406,17774,1825
2022-01-08 22:30:00,4470,1358,-1358,2479,237,16063,1663
2022-01-08 22:45:00,4771,870,-870,2241,398,10653,2186
2022-01-08 23:00:00,2414,1456,1544,1745,236,15024,2993
2022-01-08 23:15:00,3189,1209,-1209,1332,226,17240,1205
2022-01-08 23:30:00,2443,771,1774,1856,301,17792,2636
2022-01-08 23:45:00,4944,1380,-1380,2546,200,17777,1720
2022-01-09 00:00:00,2369,1045,1632,1446,261,14653,1837
2022-01-09 00:15:00,3038,674,-674,1587,498,14872,1874
2022-01-09 00:30:00,2172,976,1831,2774,288,19845,2370
2022-01-09 00:45:00,3545,1352,-1352,1547,361,13883,2435
2022-01-09 01:00:00,4287,585,-585,2589,440,10112,1026
2022-01-09 01:15:00,2996,919,-919,2437,309,10524,1230
2022-01-09 01:30:00,2112,1191,1475,2829,478,15562,2588
2022-01-09 01:45:00,3534,1228,-1228,1110,355,11252,1560
2022-01-09 02:00:00,3763,1141,-1141,1338,432,13882,1809
2022-01-09 02:15:00,3359,847,-847,2571,318,10327,1430
2022-01-09 02:30:00,3450,780,-780,1256,388,18802,1443
2022-01-09 02:45:00,3582,700,-700,2242,473,14988,2153
2022-01-09 03:00:00,3075,1011,-1011,1767,390,12176,2276
2022-01-09 03:15:00,3917,982,-982,1655,363,11755,2380
2022-01-09 03:30:00,3630,1020,-1020,1580,312,12873,1805
2022-01-09 03:45:00,2932,1307,-1307,1640,206,19838,2859
2022-01-09 04:00:00,3802,1395,-1395,1710,279,17656,1132
2022-01-09 04:15:00,3489,887,-887,2049,447,14226,2454
2022-01-09 04:30:00,4801,890,-890,2296,409,15765,1561
2022-01-09 04:45:00,2430,1431,1712,1859,287,12461,2824
2022-01-09 05:00:00,4380,1282,-1282,2610,377,14900,1571
2022-01-09 05:15:00,2156,1323,1947,1048,331,16239,2849
2022-01-09 05:30:00,3622,1143,-1143,2213,367,17638,1865
2022-01-09 05:45:00,3566,995,-995,1979,277,16084,2174
2022-01-09 06:00:00,2331,526,-526,2327,299,13084,2671
2022-01-09 06:15:00,4215,979,-979,1848,440,15760,1592
2022-01-09 06:30:00,4326,590,-590,2700,486,12536,1011
2022-01-09 06:45:00,3805,1311,-1311,2690,488,17301,1130
2022-01-09 07:00:00,4293,896,-896,2846,247,16937,1223
2022-01-09 07:15:00,4873,1080,-1080,1698,361,15783,2297
2022-01-09 07:30:00,3871,566,-566,2863,431,17637,2533
2022-01-09 07:45:00,2996,1243,-1243,2565,400,16467,1583
2022-01-09 08:00:00,4410,693,-693,1994,295,15083,1961
2022-01-09 08:15:00,2753,1454,1526,1061,327,15561,1809
2022-01-09 08:30:00,4627,654,-654,2620,440,15653,1102
2022-01-09 08:45:00,3348,1471,-1471,2529,414,11975,2561
2022-01-09 09:00:00,2550,1204,1559,2752,219,11647,1818
2022-01-09 09:15:00,4607,760,-760,2027,406,18769,2955
2022-01-09 09:30:00,2328,1203,1938,2404,200,17464,1499
2022-01-09 09:45:00,2487,1250,1686,1889,270,19976,2468
2022-01-09 10:00:00,4971,534,-534,1487,451,13697,2921
2022-01-09 10:15:00,4106,1113,-1113,2791,259,10212,2921
2022-01-09 10:30:00,2512,845,-845,1114,232,16940,1138
2022-01-09 10:45:00,3055,1159,-1159,1214,297,18865,1730
2022-01-09 11:00:00,3482,1134,-1134,1103,497,15960,2813
2022-01-09 11:15:00,3837,1032,-1032,2917,270,18677,2480
2022-01-09 11:30:00,2832,847,-847,2436,222,18894,1076
2022-01-09 11:45:00,2501,1175,-1175,2054,391,15420,1614
2022-01-09 12:00:00,4333,1143,-1143,1345,498,11870,2678
2022-01-09 12:15:00,4423,997,-997,1898,278,13214,1322
2022-01-09 12:30:00,2631,1274,1927,1614,415,17361,1930
2022-01-09 12:45:00,2152,873,1997,2603,232,12437,2268
2022-01-09 13:00:00,3808,1429,-1429,1743,497,18153,1929
2022-01-09 13:15:00,3322,976,-976,1094,267,11607,2851
2022-01-09 13:30:00,3342,916,-916,1433,233,13820,2119
2022-01-09 13:45:00,4397,1344,-1344,1846,332,11317,1887
2022-01-09 14:00:00,2929,865,-865,2667,325,13930,1812
2022-01-09 14:15:00,4186,992,-992,2382,276,17258,2504
2022-01-09 14:30:00,4025,1293,-1293,1608,229,13030,2299
2022-01-09 14:45:00,3065,1396,1713,2509,245,17178,2589
2022-01-09 15:00:00,3389,886,-886,1627,433,17539,2127
2022-01-09 15:15:00,3640,1123,-1123,1240,246,18163,2251
2022-01-09 15:30:00,2382,953,1960,1270,443,14461,1694
2022-01-09 15:45:00,3641,620,-620,2797,427,16208,2308
2022-01-09 16:00:00,4106,1156,-1156,1087,329,18000,1310
2022-01-09 16:15:00,3446,1185,-1185,1052,407,13903,1303
2022-01-09 16:30:00,3660,730,-730,2241,283,14504,1652
2022-01-09 16:45:00,2448,1154,1799,1603,275,17125,2896
2022-01-09 17:00:00,4256,807,-807,1313,472,14069,2662
2022-01-09 17:15:00,2397,506,-506,1433,442,15716,2955
2022-01-09 17:30:00,2418,621,-621,2698,339,16909,2311
2022-01-09 17:45:00,2370,636,-636,2719,377,16058,1538
2022-01-09 18:00:00,4283,1470,-1470,2480,345,19618,2706
2022-01-09 18:15:00,3598,870,-870,2738,428,19274,1107
2022-01-09 18:30:00,2838,535,-535,2408,212,11734,2568
2022-01-09 18:45:00,4170,805,-805,2437,249,19810,1383
2022-01-09 19:00:00,3842,864,-864,2397,385,14491,1596
2022-01-09 19:15:00,3397,1099,-1099,1740,422,12016,2013
2022-01-09 19:30:00,4955,1484,-1484,2353,464,19691,2311
2022-01-09 19:45:00,3686,638,-638,2771,329,14756,2832
2022-01-09 20:00:00,3297,718,-718,1425,289,17918,2452
2022-01-09 20:15:00,3594,1120,-1120,1078,376,15380,1459
2022-01-09 20:30:00,2693,942,-942,2208,435,15365,1678
2022-01-09 20:45:00,4157,556,-556,1465,352,16839,2909
2022-01-09 21:00:00,2788,1359,-1359,2846,267,13898,2588
2022-01-09 21:15:00,4520,1340,-1340,1262,443,19723,2645
2022-01-09 21:30:00,3420,1162,-1162,2899,468,14066,2456
2022-01-09 21:45:00,4080,668,-668,2264,428,16058,1307
2022-01-09 22:00:00,3509,635,-635,1552,407,18944,2289
2022-01-09 22:15:00,2813,786,-786,1676,353,17164,1140
2022-01-09 22:30:00,3461,1204,-1204,1254,303,10291,1302
2022-01-09 22:45:00,3490,1366,-1366,2375,353,11615,2874
2022-01-09 23:00:00,2509,553,-553,1888,443,11641,2353
2022-01-09 23:15:00,2237,710,-710,2714,446,11082,1237
2022-01-09 23:30:00,4969,984,-984,1417,212,19454,2400
2022-01-09 23:45:00,3078,584,-584,1444,483,16144,1279
2022-01-10 00:00:00,3839,792,-792,1917,402,15740,2082
2022-01-10 00:15:00,2823,562,-562,1340,214,14622,2718
2022-01-10 00:30:00,3102,514,-514,2866,303,18058,1166
2022-01-10 00:45:00,2404,577,-577,1471,278,19829,1249
2022-01-10 01:00:00,2861,554,-554,1494,395,19115,1523
2022-01-10 01:15:00,2227,1211,1175,2682,331,12300,1537
2022-01-10 01:30:00,2483,1210,1678,2054,335,10468,2003
2022-01-10 01:45:00,3917,1464,-1464,2906,259,16925,1566
2022-01-10 02:00:00,4518,1352,-1352,1723,245,17947,2674
2022-01-10 02:15:00,4879,661,-661,1417,251,16757,1031
2022-01-10 02:30:00,4011,590,-590,1978,215,12436,1558
2022-01-10 02:45:00,4251,1291,-1291,1517,201,13958,1277
2022-01-10 03:00:00,3920,979,-979,2594,275,11610,1712
2022-01-10 03:15:00,2020,951,1947,2920,333,18051,1733
2022-01-10 03:30:00,3134,1325,-1325,1748,345,19425,2248
2022-01-10 03:45:00,3591,1326,-1326,1504,297,18033,2667
2022-01-10 04:00:00,2978,1155,-1155,1353,336,18436,2905
2022-01-10 04:15:00,2250,1354,1412,2791,337,16158,2772
2022-01-10 04:30:00,2677,841,-841,1492,358,15402,2784
2022-01-10 04:45:00,4209,862,-862,2745,433,16880,1372
2022-01-10 05:00:00,2740,1216,-1216,2106,202,16539,1536
2022-01-10 05:15:00,4541,1286,-1286,2394,343,11601,1965
2022-01-10 05:30:00,4129,974,-974,1549,361,17559,1268
2022-01-10 05:45:00,2361,713,1881,2725,372,18652,1067
2022-01-10 06:00:00,2051,914,1950,2644,339,12531,2199
2022-01-10 06:15:00,2849,1024,-1024,1080,373,14701,2676
2022-01-10 06:30:00,2813,534,-534,1646,309,16423,2015
2022-01-10 06:45:00,2010,1319,1076,1414,366,16328,2619
2022-01-10 07:00:00,3283,984,-984,2352,354,14518,2587
2022-01-10 07:15:00,4671,611,-611,1831,453,12199,1288
2022-01-10 07:30:00,3795,717,-717,2585,206,19676,2243
2022-01-10 07:45:00,2331,747,-747,1004,320,16245,2976
2022-01-10 08:00:00,3993,1472,-1472,1596,463,15756,2297
2022-01-10 08:15:00,2813,1114,-1114,1196,455,10596,2269
2022-01-10 08:30:00,4883,550,-550,2644,315,12820,2142
2022-01-10 08:45:00,4395,879,-879,1493,413,16108,2306
2022-01-10 09:00:00,2426,994,1456,1947,409,16194,2934
2022-01-10 09:15:00,4406,1148,-1148,2979,340,13735,2559
2022-01-10 09:30:00,3288,1180,-1180,2906,350,13394,1240
2022-01-10 09:45:00,2732,1204,1637,2064,219,11970,1600
2022-01-10 10:00:00,3857,1285,-1285,1956,342,18250,1323
2022-01-10 10:15:00,2964,710,-710,2309,416,12967,1995
2022-01-10 10:30:00,2110,1361,1025,2277,311,16096,1354
2022-01-10 10:45:00,4694,1364,-1364,2170,341,13944,2822
